CREATE DATABASE AssignmentDay35;
GO

USE AssignmentDay35;
GO


CREATE TABLE Customer(
	Cname varchar(19) CONSTRAINT PK_Cname PRIMARY KEY,
	City varchar(18)
);
GO

CREATE TABLE Branch(
	Bname varchar(18) CONSTRAINT PK_Bname PRIMARY KEY,
	City varchar(18)
);

CREATE TABLE Deposit(
	Actno varchar(5) CONSTRAINT PK_ActNo PRIMARY KEY,
	Cname varchar(19) CONSTRAINT FK_Dcname FOREIGN KEY REFERENCES Customer(Cname),
	Bname varchar(18) CONSTRAINT FK_Dbname FOREIGN KEY REFERENCES Branch(Bname),
	Amount int,
	Adate date
);
GO

CREATE TABLE Borrow(	
	Loanno varchar(5) CONSTRAINT PK_Loanno PRIMARY KEY,
	Cname varchar(19) CONSTRAINT FK_Bcname FOREIGN KEY REFERENCES Customer(Cname),
	Bname varchar(18) CONSTRAINT FK_Bbname FOREIGN KEY REFERENCES Branch(Bname),
	Amount int
);
GO

INSERT INTO Customer VALUES
('ANIL','KOLKATA'),	
('SUNIL','DELHI'),	
('MEHUL','BARODA'),	
('MANDAR','PATNA'),	
('MADHURI','NAGPUR'),	
('PRAMOD','NAGPUR'),	
('SANDIP','SURAT'),	
('SHIVANI','MUMBAI'),	
('KRANTI','MUMBAI'),	
('NAREN','MUMBAI');
GO

INSERT INTO Branch VALUES
('VRCE','NAGPUR'),	
('AJNI','NAGPUR'),	
('KAROLBAGH','DELHI'),	
('CHANDNI','DELHI'),	
('DHARAMPETH','NAGPUR'),	
('M.G.ROAD','BANGLORE'),	
('ANDHERI','MUMBAI'),	
('VIRAR','MUMBAI'),	
('NEHRU PLACE','DELHI'),	
('POWAI','MUMBAI');
GO

INSERT INTO Deposit VALUES
('100','ANIL','VRCE',1000,'1-Mar-1995'),	
('101','SUNIL','AJNI',5000,'4-Jan-1996'),	
('102','MEHUL','KAROLBAGH',3500,'17-Nov-1995'),	
('104','MADHURI','CHANDNI',1200,'17-Dec-1995'),	
('105','PRAMOD','M.G.ROAD',3000,'27-Mar-1996'),	
('106','SANDIP','ANDHERI',2000,'31-Mar-1996'),	
('107','SHIVANI','VIRAR',1000,'5-Sep-1995'),	
('108','KRANTI','NEHRU PLACE',5000,'2-Jul-1995'),	
('109','NAREN','POWAI',7000,'10-Aug-1995'),
('110','ANIL','AJNI',500,'2021-03-22'),
('111','ANIL','KAROLBAGH',1000,'2021-03-22');
GO 	

INSERT INTO Borrow VALUES
('201','ANIL','VRCE',1000),	
('206','MEHUL','AJNI',5000),	
('311','SUNIL','DHARAMPETH',3000),	
('321','MADHURI','ANDHERI',2000),	
('375','PRAMOD','VIRAR',8000),	
('481','KRANTI','NEHRU PLACE',3000);
GO

SELECT * FROM Deposit;
GO

SELECT * FROM Borrow;
GO

SELECT * FROM Customer;
GO

SELECT * FROM Branch;
GO
